X,Y,ID
327121.431,8108683.244,MP72
326990.488,8108056.78,INFILL
327258.311,8108664.833,MP72
327357.058,8108678.819,MP72
328079.994,8107760.079,AD2023
328120.061,8107759.92,AD2023
328140.137,8107759.883,AD2023
328160.123,8107760.011,AD2023
328159.885,8107780.054,AD2023
328139.989,8107779.974,AD2023
328120.08,8107780.274,AD2023
328100.081,8107780.201,AD2023
328060.094,8107800.12,AD2023
328079.874,8107800.002,AD2023
328100.066,8107800.019,AD2023
328120.175,8107800.079,AD2023
328140.29,8107799.991,AD2023
328159.775,8107799.768,AD2023
328079.763,8107819.921,AD2023
328059.775,8107819.954,AD2023
326939.834,8107999.829,AD2023
326978.715,8108000.112,AD2023
327497.15,8107647.046,AD2023
327475.852,8107649.717,AD2023
327431.47,8107654.631,AD2023
327411.756,8107655.218,AD2023
327391.122,8107654.355,AD2023
327342.415,8107672.789,AD2023
327363.743,8107674.159,AD2023
327381.538,8107675.191,AD2023
327402.179,8107676.139,AD2023
327422.678,8107679.202,AD2023
327438.052,8107679.764,AD2023
327462.23,8107680.183,AD2023
327478.111,8107679.692,AD2023
327459.255,8107696.41,AD2023
327443.236,8107699.369,AD2023
327423.216,8107701.123,AD2023
327403.846,8107699.95,AD2023
327379.975,8107697.783,AD2023
327361.287,8107699.043,AD2023
327339.959,8107694.897,AD2023
327671.064,8108333.717,AD2023
327660.248,8108340.009,AD2023
327639.983,8108320.169,AD2023
327659.972,8108319.974,AD2023
326999.8,8108371,AD2023
326758.304,8108280.15,AD2023
326774.416,8108280.648,AD2023
326820.039,8108160.199,AD2023
326820.061,8108179.82,AD2023
326800.186,8108200.071,AD2023
326820.154,8108200.055,AD2023
326800.06,8108220.028,AD2023
326780.311,8108240.05,AD2023
326773.771,8108259.219,AD2023
326761.35,8108260.122,AD2023
326760.252,8108300.011,AD2023
326820.205,8108140.183,AD2023
326824.561,8108120.201,AD2023
326828.908,8108101.398,AD2023
327640.285,8108339.803,AD2023
326840.5,8108500.1,AD2023
326855.1,8108598,AD2023
326840,8108589,AD2023
326817.465,8108603.006,AD2023
326879.283,8108588.746,AD2023
326856.469,8108574.958,AD2023
326528.981,8108920.775,AD2024
326521.198,8108939.87,AD2024
326538.203,8108968.037,AD2024
326543.976,8108918.715,AD2024
326561.134,8108920.84,AD2024
326554.26,8108931.418,AD2024
326581.788,8108985.7,AD2024
326604.291,8108982.363,AD2024
326710.047,8108918.417,AD2024
326623.55,8108939.558,AD2024
326646.265,8108936.659,AD2024
326723.592,8108913.203,AD2024
326739.607,8108908.66,AD2024
326759.467,8108903.671,AD2024
326776.75,8108899.051,AD2024
326815.2,8108889.13,AD2024
326829.382,8108883.656,AD2024
326792.457,8108896.485,AD2024
326667.283,8108993.088,AD2024
326720.443,8108986.19,AD2024
326755.107,8108983.309,AD2024
326779.995,8108980.169,AD2024
326806.029,8108977.439,AD2024
326840.017,8108977.771,AD2024
326859.683,8108977.786,AD2024
326877.715,8108977.088,AD2024
326920.892,8108987.364,AD2024
327178.957,8107841.716,AD2024
327178.508,8107821.028,AD2024
327200.033,8107823.014,AD2024
327199.68,8107841.341,AD2024
327199.488,8107860.149,AD2024
327222.502,8107858.077,AD2024
327220.424,8107839.151,AD2024
327225.079,8107819.021,AD2024
327252.705,8107852.389,AD2024
327239.411,8107819.966,AD2024
327237.546,8107840.013,AD2024
326940.335,8109079.844,AD2024
326919.718,8109079.993,AD2024
327257.795,8107858.505,AD2024
327263.26,8107840.505,AD2024
327261.066,8107819.808,AD2024
327282.453,8107823.04,AD2024
327279.634,8107838.361,AD2024
327280.05,8107860.233,AD2024
327190.36,8109107.038,AD2024
327204.744,8109102.183,AD2024
327298.372,8107859.394,AD2024
327300.129,8107839.178,AD2024
327300.364,8107823.834,AD2024
327225.892,8109097.336,AD2024
327240.331,8109091.745,AD2024
327260.789,8109087.671,AD2024
327280.484,8109080.341,AD2024
327140.163,8109059.963,AD2024
327164.395,8109080.587,AD2024
327182.83,8109079.411,AD2024
327206.928,8109053.299,AD2024
327202.68,8109057.814,AD2024
327199.268,8109078.701,AD2024
327195.029,8109082.565,AD2024
327225.021,8109050.463,AD2024
327239.836,8109010.659,AD2024
327241.786,8109040.649,AD2024
327244.732,8109051.892,AD2024
327259.086,8109038.795,AD2024
327257.406,8109001.907,AD2024
327277.41,8109013.758,AD2024
327324.744,8109057.931,AD2024
327297.782,8109007.108,AD2024
327311.62,8108957.221,AD2024
327343.066,8109038.308,AD2024
327338.396,8108996.062,AD2024
327359.216,8108924.106,AD2024
327361.705,8108952.305,AD2024
327355.407,8108965.202,AD2024
327361.796,8108979.766,AD2024
327360.602,8108997.541,AD2024
327362.306,8109018.194,AD2024
327365.509,8109023.458,AD2024
327377.424,8108998.372,AD2024
326500.02,8109107.178,AD2024
327187.467,8107783.254,AD2024
326520.039,8109113.476,AD2024
327201.262,8107776.18,AD2024
326540,8109120,AD2024
326540,8109140,AD2024
327188.939,8107789.154,AD2024
327102.606,8107866.04,AD2024
326580.083,8109223.697,AD2024
326596.038,8109220.718,AD2024
327308.054,8107891.275,AD2024
327266.957,8107882.916,AD2024
327272.575,8107900.544,AD2024
327161.133,8107906.074,AD2024
327144.741,8107905.71,AD2024
327099.942,8107900.138,AD2024
327079.965,8107899.96,AD2024
326618.215,8109235.877,AD2024
326614.264,8109218.182,AD2024
327174.737,8107916.548,AD2024
327192.406,8107918.876,AD2024
327208.807,8107920.48,AD2024
327218.358,8107925.502,AD2024
327368.041,8107910.185,AD2024
327385.3,8107915.2,AD2024
327416.051,8107936.507,AD2024
327433.888,8107948.378,AD2024
327223.031,8107940.557,AD2024
327210.436,8107938.837,AD2024
327187.395,8108022.977,AD2024
327138.614,8108021.526,AD2024
327120.991,8108022.899,AD2024
327242.925,8108028.316,AD2024
327262.601,8108034.58,AD2024
327284.008,8108036.122,AD2024
326820.735,8109080.28,AD2024
327303.003,8108056.509,AD2024
326826.941,8109098.947,AD2024
327282.029,8108057.527,AD2024
326840.436,8109079.921,AD2024
326859.263,8109036.31,AD2024
326879.359,8109075.299,AD2024
326921.517,8109099.517,AD2024
326939.889,8109100.012,AD2024
327521.99,8107775.127,AD2024
327498.072,8107782.578,AD2024
327336.944,8108498.015,AD2024
327319.838,8108502.046,AD2024
327312.371,8108502.607,AD2024
327277.961,8108511.374,AD2024
327082.74,8108503.699,AD2024
327082.613,8108487.484,AD2024
327081.335,8108473.597,AD2024
327281.628,8108490.251,AD2024
327297.159,8108489.466,AD2024
327057.774,8108551.219,AD2024
327043.212,8108544.606,AD2024
327033.621,8108563.813,AD2024
327023.725,8108564.802,AD2024
327063.805,8108525.468,AD2024
326815.447,8108681.812,AD2024
327022.379,8108581.56,AD2024
327039.324,8108586.002,AD2024
327051.248,8108588.674,AD2024
327166.286,8108545.191,AD2024
327132.527,8108570.533,AD2024
327142.339,8108594.283,AD2024
327120.011,8108597.246,AD2024
327102.803,8108591.695,AD2024
326982.125,8108599.048,AD2024
326825.404,8108686.688,AD2024
326821.862,8108677.311,AD2024
326831.143,8108681.681,AD2024
327143.249,8108551.489,AD2024
327120.19,8108561.34,AD2024
327158.124,8108581.938,AD2024
327143.385,8108584.636,AD2024
327201.44,8107760.277,AD2024
327184.191,8107759.437,AD2024
327280.144,8107743.803,AD2024
327260.246,8107738.431,AD2024
327241.088,8107733.98,AD2024
327220.803,8107733.882,AD2024
327202.728,8107741.784,AD2024
327187.761,8107739.55,AD2024
327197.551,8107720.971,AD2024
327187.307,8107721.205,AD2024
327339.121,8108923.031,AD2024
327319.982,8108919.981,AD2024
327300.112,8108939.455,AD2024
327319.412,8108939.679,AD2024
327361.444,8108901.426,AD2024
327380.45,8108901.234,AD2024
327378.071,8108922.763,AD2024
326580.471,8108938.473,AD2024
326602.551,8108942.129,AD2024
327142.835,8107859.128,AD2024
327141.23,8107840.976,AD2024
327159.917,8107821.024,AD2024
327159.41,8107837.391,AD2024
327159.226,8107858.231,AD2024
327479.899,8108938.198,AD2024
326800.689,8108679.411,AD2024
326803.296,8108661.264,AD2024
326801.871,8108641.66,AD2024
326798.465,8108621.072,AD2024
326796.619,8108600.36,AD2024
326820.932,8108619.934,AD2024
326819.47,8108639.342,AD2024
326818.717,8108661.058,AD2024
326978.628,8108480.355,AD2024
326999.299,8108479.578,AD2024
327019.613,8108461.014,AD2024
327020.319,8108480.664,AD2024
327040.627,8108500.11,AD2024
327042.427,8108477.781,AD2024
327039.218,8108458.064,AD2024
327063.438,8108464.343,AD2024
327059.736,8108479.305,AD2024
327060.097,8108499.028,AD2024
326781.218,8108679.985,AD2024
326783.174,8108661.023,AD2024
326780.332,8108641.8,AD2024
326785.166,8108622.131,AD2024
326783.742,8108600.161,AD2024
326743.813,8108664.448,AD2024
326779.518,8109060.59,AD2024
326782.797,8109082.434,AD2024
326878.951,8109060.716,AD2024
326880.59,8109040.096,AD2024
326880.842,8109020.344,AD2024
326898.626,8109040.842,AD2024
326901.181,8109060.362,AD2024
327400.04,8107983.366,AD2024
327419.93,8108040.973,AD2024
327417.753,8108020.07,AD2024
327419.421,8108001.207,AD2024
327419.23,8107985.206,AD2024
327442.746,8107981.479,AD2024
327438.762,8108002.245,AD2024
327441.994,8108017.423,AD2024
327440.688,8108040.921,AD2024
327443.179,8108059.976,AD2024
327460.393,8108061.752,AD2024
327459.291,8108002.947,AD2024
327477.198,8107977.078,AD2024
327479.257,8108023.099,AD2024
327478.301,8108064.544,AD2024
327483.651,8108095.2,AD2024
327501.503,8108100.587,AD2024
327498.404,8108081.331,AD2024
327500.839,8107983.384,AD2024
327516.787,8108000.8,AD2024
327522.645,8108017.765,AD2024
327516.692,8108080.267,AD2024
327542.836,8108037.64,AD2024
327540.123,8108020.234,AD2024
327561.018,8108038.087,AD2024
327559.489,8108056.869,AD2024
327577.305,8108057.001,AD2024
327737.983,8107636.093,AD2024
327738.297,8107654.34,AD2024
327759.603,8107660.619,AD2024
327746.7,8107636.984,AD2024
327758.989,8107641.095,AD2024
327780.736,8107657.668,AD2024
327800.504,8107719.28,AD2024
327821.893,8107712.658,AD2024
327840.533,8107722.874,AD2024
327862.341,8107721.056,AD2024
327859.639,8107741.693,AD2024
327862.344,8107820.757,AD2024
327860.35,8107833.357,AD2024
327880.342,8107720.335,AD2024
327900.493,8107719.013,AD2024
327899.623,8107736.305,AD2024
327898.382,8107818.29,AD2024
327899.58,8107836.396,AD2024
327919.252,8107742.325,AD2024
327919.104,8107721.582,AD2024
327942.31,8107721.751,AD2024
327942.37,8107742.348,AD2024
327959.306,8107723.824,AD2024
327976.979,8107724.793,AD2024
327979.592,8107741,AD2024
327980.276,8107758.483,AD2024
327981.418,8107784.623,AD2024
328001.026,8107793.652,AD2024
327998.264,8107782.652,AD2024
327999.302,8107760.216,AD2024
328001.815,8107742.475,AD2024
328013.547,8107752.91,AD2024
328017.884,8107758.687,AD2024
328016.812,8107779.805,AD2024
328024.109,8107796.101,AD2024
328025.875,8107879.691,AD2024
328020.015,8107899.217,AD2024
328039.494,8107917.226,AD2024
328042.208,8107902.653,AD2024
328042.257,8107882.141,AD2024
328058.325,8107859.178,AD2024
328060.518,8107880.733,AD2024
328059.031,8107899.943,AD2024
328058.853,8107922.255,AD2024
328062.492,8107941.571,AD2024
328080.958,8107921.966,AD2024
328084.05,8107879.969,AD2024
328102.394,8107849.849,AD2024
328101.157,8107942.003,AD2024
328101.369,8107959.826,AD2024
328117.698,8107837.918,AD2024
328122.462,8107824.139,AD2024
328137.83,8107829.287,AD2024
328140.059,8107841.52,AD2024
328142.347,8107860.796,AD2024
328139.187,8107878.739,AD2024
328137.016,8107895.943,AD2024
328180.661,8107982.651,AD2024
328159.889,8107962.823,AD2024
328157.323,8107895.595,AD2024
328158.085,8107880.74,AD2024
328161.356,8107858.812,AD2024
328178.971,8107882.423,AD2024
328176.262,8107897.948,AD2024
328179.79,8107959.889,AD2024
328199.479,8107961.164,AD2024
328203.928,8107945.801,AD2024
328195.517,8107916.536,AD2024
328198.058,8107893.904,AD2024
328212.055,8107900.215,AD2024
328239.526,8107936.358,AD2024
328211.42,8107916.274,AD2024
328217.571,8107944.39,AD2024
328220.85,8107960.705,AD2024
328214.67,8107979.781,AD2024
326523.471,8109093.276,AD2024
326523.178,8109079.237,AD2024
326536.905,8109057.755,AD2024
326540.181,8109077.373,AD2024
326542.093,8109096.788,AD2024
326583.305,8109061.211,AD2024
326597.183,8109062.677,AD2024
326596.165,8109039.772,AD2024
326601.514,8109023.957,AD2024
326613.204,8109055.942,AD2024
326635.649,8109036.661,AD2024
326632.785,8109029.668,AD2024
327014.96,8108955.887,AD2024
327023.908,8108962.579,AD2024
327041.242,8108942.868,AD2024
327039.709,8108961.241,AD2024
327038.467,8108982.427,AD2024
327059.817,8108940.631,AD2024
327070.339,8108957.283,AD2024
327141.611,8108922.431,AD2024
327039.31,8107800.806,AD2024
327038.723,8107815.641,AD2024
327040.922,8107837.296,AD2024
327040.758,8107860.11,AD2024
327041.321,8107881.51,AD2024
327043.933,8107921.773,AD2024
327039.073,8107942.779,AD2024
327059.455,8107921.427,AD2024
327093.063,8107868.56,AD2024
327060.303,8107879.496,AD2024
327061.078,8107860.121,AD2024
327057.541,8107838.292,AD2024
327057.014,8107819.144,AD2024
327079.916,8107819.91,AD2024
327079.987,8107840.47,AD2024
327080.297,8107860.05,AD2024
327078.89,8107880.03,AD2024
327077.784,8107920.428,AD2024
327077.657,8107939.545,AD2024
327101.93,8107939.576,AD2024
327100.155,8107880.07,AD2024
327097.969,8107859.04,AD2024
327099.629,8107819.767,AD2024
327120.006,8107819.895,AD2024
327120.068,8107840.027,AD2024
327118.771,8107879.25,AD2024
327160.056,8107920.704,AD2024
327159.055,8107940.642,AD2024
327164.743,8107959.344,AD2024
327177.745,8107956.03,AD2024
327180.262,8107900.31,AD2024
327200.496,8107901.777,AD2024
327194.849,8107939.586,AD2024
327322.381,8108117.301,AD2024
327324.162,8108101.475,AD2024
327321.121,8107880.241,AD2024
327340.877,8107879.324,AD2024
327340.324,8107890.628,AD2024
327339.061,8108000.374,AD2024
327342.861,8108099.429,AD2024
327338.811,8108117.247,AD2024
327361.221,8108116.99,AD2024
327357.087,8108100.285,AD2024
327359.418,8107899.754,AD2024
327380.36,8107883.237,AD2024
327378.776,8107900.64,AD2024
327379.786,8107918.831,AD2024
327381.664,8108100.565,AD2024
327385.156,8108117.802,AD2024
327381.186,8108139.551,AD2024
327403.254,8108138.387,AD2024
327399.751,8108119.525,AD2024
327401.45,8108099.617,AD2024
327407.114,8107958.608,AD2024
327400.391,8107939.769,AD2024
327397.465,8107920.907,AD2024
327419.906,8107920.468,AD2024
327420.394,8107940.245,AD2024
327419.794,8107960.207,AD2024
327420.955,8108096.676,AD2024
327419.935,8108116.302,AD2024
327419.281,8108135.352,AD2024
327441.868,8108118.906,AD2024
327444.131,8108102.159,AD2024
327441.43,8107940.95,AD2024
327460.256,8108119.815,AD2024
327478.356,8108140.486,AD2024
327478.33,8108120.64,AD2024
327498.845,8108119.196,AD2024
327520.058,8108140.888,AD2024
327541.689,8108119.238,AD2024
327560.876,8108119.738,AD2024
327559.928,8108099.654,AD2024
327559.337,8108079.869,AD2024
327581.042,8108100.547,AD2024
327022.821,8107939.405,AD2024
327319.344,8107859.696,AD2024
327339.87,8107860.024,AD2024
327359.686,8107860.156,AD2024
327360.543,8107877.593,AD2024
327399.877,8107879.536,AD2024
327399.428,8107819.842,AD2024
327420.495,8107839.767,AD2024
327444.175,8107860.287,AD2024
327439.755,8107875.975,AD2024
327459.527,8107878.311,AD2024
327460.258,8107900.249,AD2024
327482.618,8107943.953,AD2024
327485.654,8107959.097,AD2024
327981.178,8107896.65,AD2024
327999.962,8107899.767,AD2024
327960.072,8107881.112,AD2024
327979.871,8107880.511,AD2024
328286.875,8107610.77,GEOMET
327518.632,8108085.758,GEOMET
327329.191,8108353.173,EXPLO2018
326820.004,8108961.403,EXPLO2018
327561.022,8107824.729,EXPLO2018
327094.139,8108916.405,EXPLO2018
327094.459,8108914.561,EXPLO2018
327734.342,8108680.688,EXPLO2024
327734.342,8108680.688,EXPLO2024
327095.634,8109360.56,EXPLO2024
327095.634,8109360.56,EXPLO2024
327386.073,8109076.415,GEOMET
327205.748,8108987.447,GEOMET
326539.75,8108974.575,GEOMET
326744.577,8109266.513,GEOMET
327112.977,8109214.295,GEOMET
326847.173,8109108.885,GEOMET
327030.122,8108951.62,GEOMET
327116.175,8108837.542,GEOMET
327279.84,8108770.101,GEOMET
326763.085,8108645.684,GEOMET
327194.173,8108760.244,GEOMET
327298.442,8107889.584,GEOMET
328235.48,8108020.694,GEOMET
327771.64,8107895.392,GEOMET
327602.902,8107536.414,GEOMET
327124.477,8108195.172,GEOMET
327484.178,8108379.602,GEOMET
327740.365,8108096.196,GEOMET
327994.771,8108023.844,GEOMET
327768.157,8107992.898,GEOMET
327620.187,8108310.371,GEOMET
327701.587,8108234.525,GEOMET
327557.836,8108632.941,GEOMET
327984.174,8107940.814,GEOMET
328073.18,8108304.108,GEOMET
326758.936,8108645.238,GEOMET
327286.559,8108481.362,GEOMET
326333.04,8109326.5,GEOTEC2019
326909.3,8109537.04,GEOTEC2019
327185.76,8109133.11,GEOTEC2019
327328.7,8109189.59,GEOTEC2019
326827.38,8108677.44,GEOTEC2019
326933.08,8109397.81,GEOTEC2019
327737.33,8108965.27,GEOTEC2019
327472.67,8107638.17,GEOTEC2019
327335.446,8109192.693,GEOTEC2019
327506.47,8108105.83,GEOTEC2019
327411.8,8108493.65,GEOTEC2019
327088.85,8108034.91,GEOTEC2019
328097.22,8107798.04,GEOTEC2019
327417.6,8108389.64,GEOTEC2019
326933.14,8108207.37,GEOTEC2019
327713.747,8108636.571,GEOTECNIA2021
327195.539,8109508.375,GEOTECNIA2021
327193.244,8109508.474,GEOTECNIA2021
327190.969,8109509.555,GEOTECNIA2021
327243.065,8109999.616,GEOTECNIA2021
326784.648,8110075.479,GEOTECNIA2021
326784.121,8110073.038,GEOTECNIA2021
327924.039,8109559.345,GEOTECNIA2021
326533.54,8108523.42,GEOTECNIA2021
326393.006,8109688.968,GEOTECNIA2021
327815.914,8107679.268,GEOTECNIA2021
327272.735,8108942.397,GEOTECNIA2021
327542.323,8107536.35,GEOTECNIA2021
326496.178,8108901.991,GEOTECNIA2021
327272.8,8108942.941,GEOTECNIA2021
326826.622,8109467.141,GEOTECNIA2021
325857.547,8109489.668,GEOTECNIA2021
327629.89,8109841.73,GEOTECNIA2021
326947.762,8109930.843,GEOTECNIA2021
326747.892,8109675.377,GEOTECNIA2021
327007.344,8107583.109,GEOTECNIA2021
327954.309,8108155.662,GEOTECNIA2021
326486.943,8108904.794,GEOTECNIA2021
326536.407,8108582.194,GEOTECNIA2021
326536.407,8108582.194,GEOTECNIA2021
326437.037,8109461.875,GEOTECNIA2021
327673.296,8109601.467,GEOTECNIA2021
326739.072,8109273.581,GEOTECNIA2021
326739.156,8109272.592,GEOTECNIA2021
327286.76,8108484.777,GEOTECNIA2021
327606.041,8108648.908,GEOTECNIA2021
327437.628,8109931.565,GEOTECNIA2021
327383.19,8108710.64,GEOTECNIA2021
327114.062,8108480.987,GEOTECNIA2021
327710.23,8108382.242,GEOTECNIA2021
327180.927,8108694.083,GEOTECNIA2021
326831.911,8108719.58,GEOTECNIA2021
326551.598,8108744.26,GEOTECNIA2021
328161.473,8107911.912,GEOTECNIA2024
327989.164,8107581.481,GEOTECNIA2024
328119.914,8107719.822,GEOTECNIA2024
328027.254,8108036.421,GEOTECNIA2024
327535.846,8109300.95,GEOTECNIA2024
327741.671,8108086.683,GEOTECNIA2024
327334.945,8108313.64,GEOTECNIA2024
327155.9,8109351.872,GEOTECNIA2024
326778.361,8108982.772,GEOTECNIA2024
327337.594,8109279.768,GEOTECNIA2024
327336.932,8109279.399,GEOTECNIA2024
328150.94,8108046.565,GEOTECNIA2024
326832.722,8109656.933,GEOTECNIA2024
327053.315,8109389.971,GEOTECNIA2024
327158.854,8109153.485,GEOTECNIA2024
327335.794,8108981.371,GEOTECNIA2024
327182.889,8109047.734,GEOTECNIA2024
327549.287,8109260.765,GEOTECNIA2024
327542.036,8107540.111,INFILL2022
328287.778,8107714.163,INFILL2022
327921.877,8107675.612,INFILL2022
328045.815,8107789.287,INFILL2022
328329.419,8107852.014,INFILL2022
328254.461,8108141.799,INFILL2022
326513.93,8108794.676,INFILL2022
327279.251,8108729.301,INFILL2022
327272.561,8108937.467,INFILL2022
327149.016,8108400.07,INFILL2022
326510.149,8108804.696,INFILL2022
326481.765,8108900.201,INFILL2022
326509.434,8108794.606,INFILL2022
326478.515,8108903.663,INFILL2022
326824.23,8108097.765,INFILL2023
326813.191,8108145.571,INFILL2023
326789.793,8108198.158,INFILL2023
326831.693,8108197.14,INFILL2023
326650.128,8109182.428,INFILL2023
326550.134,8109191.241,INFILL2023
326838.439,8109113.014,INFILL2023
326792.219,8109131.471,INFILL2023
326693.055,8109167.899,INFILL2023
327121.281,8107874.688,INFILL2023
327373.849,8108056.682,INFILL2023
327454.434,8107950.367,INFILL2023
327205.184,8107762.931,INFILL2023
327644.824,8107667.054,INFILL2023
327337.447,8107560.249,INFILL2023
327337.034,8107559.16,INFILL2023
327712.537,8107684.362,INFILL2023
327210.951,8107686.605,INFILL2023
327360.758,8107761.547,INFILL2023
327501.257,8107812.31,INFILL2023
327230.692,8107728.401,INFILL2023
327600.593,8107741.712,INFILL2023
327435.496,8107807.526,INFILL2023
327244.215,8107787.652,INFILL2023
327557.6,8107788.327,INFILL2023
327383.818,8107923.096,INFILL2023
327685.259,8107638.096,INFILL2023
327066.77,8108008.366,INFILL2023
327316.195,8107811.418,INFILL2023
327791.372,8107639.95,INFILL2023
327771.181,8107795.626,INFILL2023
327773.693,8107601.403,INFILL2023
327967.612,8107744.215,INFILL2023
327979.641,8107690.674,INFILL2023
328003.118,8107730.714,INFILL2023
326928.303,8107947.919,INFILL2023
327221.83,8107642.934,INFILL2023
327241.888,8107593.769,INFILL2023
326977.67,8107969.618,INFILL2023
327169.93,8108024.013,INFILL2023
327326.079,8107672.691,INFILL2023
328043.583,8107826.718,INFILL2023
327255.224,8108044.642,INFILL2023
328073.88,8107797.442,INFILL2023
328091.599,8107840.025,INFILL2023
327376.901,8107843.042,INFILL2023
328160.965,8107912.838,INFILL2023
327246.885,8107875.531,INFILL2023
327240.519,8107937.327,INFILL2023
327770.147,8108159.474,INFILL2023
327288.828,8107885.291,INFILL2023
326770.91,8108259.479,INFILL2024
326766.7,8108296.026,INFILL2024
326960.137,8108491.707,INFILL2024
327006.064,8108451.062,INFILL2024
327185.223,8107773.466,INFILL2024
327185.419,8107772.813,INFILL2024
326933.782,8107990.815,INFILL2024
326934.028,8107998.842,INFILL2024
327170.666,8107864.191,INFILL2024
326886.278,8108001.028,INFILL2024
326943.857,8107873.644,INFILL2024
326942.966,8107874.018,INFILL2024
327270.354,8109050.117,INFILL2024
326853.283,8109112.582,INFILL2024
327270.433,8109049.593,INFILL2024
326799.726,8109129.95,INFILL2024
326665.667,8109137.302,INFILL2024
326740.612,8109156.155,INFILL2024
326708.111,8109121.709,INFILL2024
326690.36,8109126.713,INFILL2024
326666.685,8109138.291,INFILL2024
326656.675,8109179.817,INFILL2024
327270.33,8109050.036,INFILL2024
327395.166,8108992.278,INFILL2024
327272.715,8109047.109,INFILL2024
327395.048,8108993.123,INFILL2024
327455.601,8109040.197,INFILL2024
326988.955,8108980.1,INFILL2024
326955.191,8108986.477,INFILL2024
326988.976,8108982.582,INFILL2024
326526.671,8108905.067,INFILL2024
326692.035,8108991.892,INFILL2024
326456.17,8109146.186,INFILL2024
326778.3,8108982.799,INFILL2024
326828.731,8108883.467,INFILL2024
326637.214,8109243.086,INFILL2024
326601.198,8108940.005,INFILL2024
326686.578,8108923.891,INFILL2024
326591.248,8109215.726,INFILL2024
326788.311,8108898.09,INFILL2024
327464.946,8108936.067,INFILL2024
326568.896,8108983.214,INFILL2024
326896.918,8109096.207,INFILL2024
326871.934,8109092.424,INFILL2024
326997.32,8109077.933,INFILL2024
326630.15,8108993.706,INFILL2024
327095.382,8109048.927,INFILL2024
326600.327,8108941.736,INFILL2024
327028.881,8109044.911,INFILL2024
327029.99,8109045.809,INFILL2024
326568.697,8108982.527,INFILL2024
328029.154,8108039.43,INFILL2024
327933.543,8108034.025,INFILL2024
326664.2,8109177.063,INFILL2024
328124.824,8108044.634,INFILL2024
328046.683,8108189.778,INFILL2024
327986.103,8108202.978,INFILL2024
326514.284,8109150.206,INFILL2024
326453.832,8109144.155,INFILL2024
328045.827,8107896.212,INFILL2024
328130.678,8107906.985,INFILL2024
328011.139,8107838.233,INFILL2024
326514.774,8109150.697,INFILL2024
326453.629,8109144.092,INFILL2024
328082.977,8107972.964,INFILL2024
328147.544,8107952.944,INFILL2024
326540.391,8109180.156,INFILL2024
326453.196,8109143.747,INFILL2024
327709.462,8107730.658,INFILL2024
327745.003,8107764.734,INFILL2024
327728.785,8107594.206,INFILL2024
326629.878,8109196.357,INFILL2024
326556.306,8109152.886,INFILL2024
327712.501,8107732.828,INFILL2024
327869.031,8107684.562,INFILL2024
326489.68,8109232.251,INFILL2024
327802.652,8107755.135,INFILL2024
326540.304,8109259.08,INFILL2024
327772.56,8107699.441,INFILL2024
328042.237,8107939.721,INFILL2024
326738.913,8109156.478,INFILL2024
328093.333,8108094.904,INFILL2024
326732.917,8109110.683,INFILL2024
328055.501,8108095.953,INFILL2024
327952.034,8108156.876,INFILL2024
326866.481,8109132.955,INFILL2024
327822.558,8108234.82,INFILL2024
326824.702,8109148.068,INFILL2024
326825.302,8109148.534,INFILL2024
326794.64,8109080.881,INFILL2024
327766.326,8107991.001,INFILL2024
326588.341,8109176.551,INFILL2024
326429.399,8109058.358,INFILL2024
327981.85,8107938.404,INFILL2024
326849.867,8109033.732,INFILL2024
328015.33,8108150.483,INFILL2024
326801.753,8109046.667,INFILL2024
327889.788,8108005.962,INFILL2024
326866.008,8108869.104,INFILL2024
326644.391,8108935.617,INFILL2024
327181.094,8108543.181,INFILL2024
327322.85,8108516.007,INFILL2024
327694.738,8108170.588,INFILL2024
327221.691,8108537.669,INFILL2024
328044.157,8108188.301,INFILL2024
327222.11,8108538.371,INFILL2024
327858.475,8108233.122,INFILL2024
327831.802,8108194.509,INFILL2024
327285.764,8108490.827,INFILL2024
327940.154,8108036.023,INFILL2024
327477.588,8108504.162,INFILL2024
327940.168,8108035.872,INFILL2024
327507.554,8108606.871,INFILL2024
328144.041,8108155.542,INFILL2024
327812.408,8108347.623,INFILL2024
327660.373,8108457.112,INFILL2024
327811.483,8108346.856,INFILL2024
327152.853,8109151.637,INFILL2024
327789.979,8108299.355,INFILL2024
327657.904,8108456.814,INFILL2024
327673.279,8108040.4,INFILL2024
327700.534,8108368.297,INFILL2024
327962.847,8108277.217,INFILL2024
327153.038,8109151.799,INFILL2024
327957.575,8108278.775,INFILL2024
327703.913,8108369.48,INFILL2024
327938.665,8108223.271,INFILL2024
327978.478,8108151.784,INFILL2024
327203.227,8108629.654,INFILL2024
326963.966,8109224.745,INFILL2024
327842.745,8108051.484,INFILL2024
327039.271,8109189.421,INFILL2024
327311.683,8108596.261,INFILL2024
327539.576,8108518.251,INFILL2024
327842.139,8108051.495,INFILL2024
327041.373,8109160.612,INFILL2024
327002.286,8109206.959,INFILL2024
327757.038,8108170.897,INFILL2024
327538.784,8108519.049,INFILL2024
327756.611,8108170.618,INFILL2024
328100.741,8108161.991,INFILL2024
327041.357,8109190.764,INFILL2024
327201.14,8108629.443,INFILL2024
327406.546,8108427.924,INFILL2024
327122.001,8109168.784,INFILL2024
327685.176,8108066.669,INFILL2024
328008.544,8108226.694,INFILL2024
328255.667,8108142.494,INFILL2024
328007.965,8108226.363,INFILL2024
327122.013,8109168.733,INFILL2024
327812.581,8108297.307,INFILL2024
327807.478,8107985.298,INFILL2024
328143.634,8108100.577,INFILL2024
326862.59,8108962.105,INFILL2024
327779.799,8108046.799,INFILL2024
327706.594,8108495.72,INFILL2024
327529.813,8108444.67,INFILL2024
327704.475,8108493.84,INFILL2024
327670.872,8108420.288,INFILL2024
327479.084,8108503.56,INFILL2024
326876.534,8109262.375,INFILL2024
327671.179,8108420.402,INFILL2024
327371.156,8107611.885,INFILL2024
327533.006,8107919.475,INFILL2024
327617.725,8107453.497,AAQ2009
327470.507,8107672.218,AAQ2009
327396.744,8107575.39,AAQ2009
327317.39,8107610.309,AAQ2009
327271.748,8107700.698,AAQ2009
327238.625,8107647.815,AAQ2009
327337.893,8107892.041,AAQ2009
327653.156,8107562.307,AAQ2009
327824.064,8107822.442,AAQ2009
328209.904,8107878.501,AAQ2009
328061.772,8107868.433,AAQ2009
328295.434,8107957.382,AAQ2009
328219.419,8107966.669,AAQ2009
328076.886,8107935.998,AAQ2009
328073.247,8108023.702,AAQ2009
327746.649,8108091.799,AAQ2009
327708.02,8107975.187,AAQ2009
327855.857,8107972.115,AAQ2009
327911.273,8108062.963,AAQ2009
328261.185,8108146.151,AAQ2009
328015.938,8108151.249,AAQ2009
327863.738,8108196.704,AAQ2009
327646.004,8108042.198,AAQ2009
327633.422,8108147.296,AAQ2009
327701.006,8108235.406,AAQ2009
327921.989,8108283.076,AAQ2009
327777.215,8108329.253,AAQ2009
327608.715,8108236.263,AAQ2009
327095.748,8108356.472,AAQ2009
327234.062,8108380.611,AAQ2009
327320.436,8108367.55,AAQ2009
326994.776,8108283.007,AAQ2009
327219.841,8108294.328,AAQ2009
327268.665,8108252.38,AAQ2009
327077.664,8108434.007,AAQ2009
326741.334,8108450.423,AAQ2009
326872,8108431.7,AAQ2009
327185.358,8108472.442,AAQ2009
326806.629,8108514.996,AAQ2009
327291.091,8108107.75,AAQ2009
327550.075,8107958.367,AAQ2009
327486.604,8107851.857,AAQ2009
327146.285,8107823.331,AAQ2009
327164.269,8107709.39,AAQ2009
327064.51,8107798.183,AAQ2009
327042.103,8107904.558,AAQ2009
326980.227,8108092.337,AAQ2009
326926.024,8108198.95,AAQ2009
327000.009,8107999.973,AAQ2009
326966.503,8108427.172,AAQ2009
327332.123,8108930.915,AAQ2009
327252.426,8108975.185,AAQ2009
327100.005,8108847.993,AAQ2009
327413.375,8108881.082,AAQ2009
327236.526,8108862.629,AAQ2009
327332.613,8108840.452,AAQ2009
326925.151,8108992.073,AAQ2009
327308.03,8108750.004,AAQ2009
326875.385,8108792.655,AAQ2009
326687.063,8108779.322,AAQ2009
326766.918,8108849.481,AAQ2009
327182.484,8108740.415,AAQ2009
326838.523,8108672.846,AAQ2009
326794.66,8108722.169,AAQ2009
326926.118,8108701.088,AAQ2009
327016.047,8108641.264,AAQ2009
327450.019,8108653.88,AAQ2009
327368.144,8108683.224,AAQ2009
327319.379,8108631.422,AAQ2009
327391.757,8108606.576,AAQ2009
326767.686,8108628.987,AAQ2009
326911.832,8108620.979,AAQ2009
327126.996,8108598.578,AAQ2009
326893.406,8108279.043,AAQ2009
327011.786,8108637.68,AAQ2009
327202.955,8108983.464,AAQ2009
327089.238,8108908.459,AAQ2009
327047.751,8109004.639,AAQ2009
326819.03,8108353.82,AAQ2009
326918.161,8108362.85,AAQ2009
326885.271,8108524.751,AAQ2009
326972.178,8108535.053,AAQ2009
326915.97,8108878.127,AAQ2009
327249.819,8108598.374,AAQ2009
326628.608,8108928.98,ADVDRILL2021
326639.31,8108939.421,ADVDRILL2021
326650.338,8108949.81,ADVDRILL2021
326660.987,8108960.136,ADVDRILL2021
326675.316,8108955.919,ADVDRILL2021
326643.023,8108924.86,ADVDRILL2021
326653.622,8108935.179,ADVDRILL2021
326664.572,8108945.525,ADVDRILL2021
326657.223,8108920.532,ADVDRILL2021
326667.722,8108931.24,ADVDRILL2021
326679.099,8108941.445,ADVDRILL2021
326689.569,8108951.521,ADVDRILL2021
326703.849,8108948.009,ADVDRILL2021
326693.036,8108936.902,ADVDRILL2021
326683.084,8108927.028,ADVDRILL2021
326672.006,8108915.958,ADVDRILL2021
326685.994,8108911.987,ADVDRILL2021
326697.093,8108923.109,ADVDRILL2021
326707.731,8108933.046,ADVDRILL2021
326718.549,8108943.424,ADVDRILL2021
326732.956,8108939.247,ADVDRILL2021
326722.138,8108928.869,ADVDRILL2021
326716.349,8108905.542,ADVDRILL2021
326725.764,8108914.068,ADVDRILL2021
326736.91,8108924.561,ADVDRILL2021
326747.292,8108934.891,ADVDRILL2021
326761.769,8108930.892,ADVDRILL2021
326750.951,8108920.514,ADVDRILL2021
326740.133,8108910.136,ADVDRILL2021
326732.905,8108903.575,ADVDRILL2021
326754.888,8108905.231,ADVDRILL2021
326766.157,8108915.622,ADVDRILL2021
327493.032,8108756.927,MP72
327117.405,8108150.194,INFILL
327127.001,8108202.148,INFILL
327496.094,8108757.702,MP72
327272.581,8108341.768,INFILL
327596.896,8108648.758,INFILL
326670.701,8108749.055,MP72
327013.074,8108781.739,MP72
326723.931,8108051.614,CONDENACION
326548.381,8108171.264,CONDENACION
327992.931,8108699.854,CONDENACION
328231.121,8108812.844,CONDENACION
328902.951,8107794.784,CONDENACION
327524.841,8108885.608,MP72
326487.071,8108849.381,MP72
327621.321,8108845.496,MP72
327449.692,8108656.454,INFILL
326598.239,8108858.115,MP72
326718.841,8108861.012,MP72
326721.686,8108861.556,MP72
326897.781,8108117.28,PITDEWATERING2022
327699.219,8107439.606,MP72
326946.446,8108926.8,MP72
327163.067,8108908.72,MP72
326952.131,8108218.674,INFILL
327056.49,8108344.304,INFILL
326963.179,8107473.058,MP72
326428.526,8108981.481,MP72
327489.415,8108991.914,MP72
326537.838,8108974.008,MP72
326538.077,8108974.027,MP72
326655.353,8108975.456,MP72
327754.636,8107563.69,MP72
327187.261,8109049.324,MP72
327266.048,8108768.845,INFILL
327054.579,8108746.733,PITDEWATERING2022
326754.797,8108599.915,PITDEWATERING2022
326838.87,8108778.977,PITDEWATERING2022
326686.776,8108766.244,PITDEWATERING2022
326786.552,8108721.158,PITDEWATERING2022
327110.017,8108489.06,PITDEWATERING2022
327652.534,8108566.324,PITDEWATERING2022
327504.635,8107614.541,MP72
327516.909,8107626.949,MQ93
327508.581,8107617.816,MQ93
327620.126,8107621.517,MP72
327735.02,8107623.972,SP70
326951.982,8109102.149,MP72
327308.736,8109108.182,MP72
327426.073,8109102.638,MP72
326463.551,8109098.706,MP72
326711.603,8109099.866,MP72
327593.86,8107684.636,SP70
327811.878,8107682.943,MP72
327321.739,8107733.313,MP72
327414.652,8107754.684,MQ93
327667.12,8107707.689,MP72
327761.155,8107726.572,SP70
328238.871,8108025.774,INFILL
327249.247,8109229.684,MP72
326650.388,8109217.387,MP72
326891.13,8109229.903,MP72
327288.174,8107778.356,MQ93
327498.828,8107764.15,MP72
327718.924,8107799.764,MP72
327871.665,8107803,MP72
328412.24,8107809.395,MP72
326923.88,8108664.421,INFILL
327068.26,8108738.826,INFILL
327263.877,8108967.859,INFILL
327371.244,8109083.538,INFILL
327215.617,8107833.943,MQ93
327264.193,8107831.491,MQ93
327330.485,8107848.751,SP70
327412.973,8107851.757,SP70
327568.035,8107838.703,MP72
327655.802,8107834.993,SP70
327938.006,8107862.888,MP72
328213.871,8108151.297,INFILL
326943.967,8109342.555,MP72
326710.887,8109348.871,MP72
326944.615,8107903.355,MP72
327107.071,8107950.718,MQ93
327177.718,8107942.37,MQ93
327210.697,8107892.398,SP70
327469.96,8107926.574,MP72
327466.519,8107922.812,MQ93
327766.912,8107892.794,MP72
327888.098,8107917.489,INFILL
327995.733,8108019.894,INFILL
328107.976,8108125.212,INFILL
328253.923,8108260.623,INFILL
326876.288,8108729.223,INFILL
327019.338,8108893.405,INFILL
327015.514,8108641.412,AAQ2007
327928.521,8107757.354,AAQ2007
327781.393,8107903.312,AAQ2007
327198.136,8108758.619,AAQ2007
327638.53,8108043.581,AAQ2007
327638.867,8108327.074,AAQ2007
327497.959,8108467.89,AAQ2007
327357.291,8108682.654,AAQ2007
327350.116,8108920.581,AAQ2007
327081.664,8108908.479,AAQ2007
326943.054,8109234.273,AAQ2007
327350.116,8108920.581,AAQ2007
328402.281,8108091.384,MQ96
327236.409,8108000.646,MQ96
326890.481,8108277.734,MQ96
327166.751,8109206.174,MQ96
326672.701,8109147.654,MQ96
326784.701,8109337.704,MQ96
328271.611,8107850.114,MQ96
328364.601,8107978.224,MQ96
328121.801,8107858.534,MQ96
328252.521,8108033.534,MQ96
327352.571,8107689.704,MQ96
327889.096,8107736.31,MQ96
328002.134,8107881.093,MQ96
328120.781,8108008.644,MQ96
327600.83,8107536.921,MQ96
328209.681,8108175.434,MQ96
328215.591,8108172.614,MQ96
327744.144,8107673.572,MQ96
327817.941,8107866.314,MQ96
327559.687,8107611.107,MQ96
327455.621,8107522.744,MQ96
328100.266,8108203.295,MQ96
327274.711,8107637.294,MQ96
327955.701,8108101.814,MQ96
327707.441,8107870.134,MQ96
327815.931,8108009.854,MQ96
327450.097,8107786.017,MQ96
327653.841,8108705.224,MQ96
327402.228,8108521.092,MQ96
327282.691,8108526.384,MQ96
326922.771,8108420.654,MQ96
327103.811,8108631.014,MQ96
327768.941,8108240.514,MQ96
327150.301,8108784.534,MQ96
327297.231,8108963.374,MQ96
326876.931,8108719.644,MQ96
326866.601,8108989.764,MQ96
326548.961,8109367.624,MQ96
326442.881,8109226.154,MQ96
326312.691,8109137.484,MQ96
327462.681,8108161.044,MQ96
327291.291,8108045.404,MQ96
327227.671,8108077.144,MQ96
327848.481,8108324.08,MQ96
327479.961,8108310.164,MQ96
327428.721,8108359.294,MQ96
327274.501,8108256.604,MQ96
327136.651,8108220.344,MQ96
327420.611,8108542.244,MQ96
327101.511,8107657.204,MQ96
327466.101,8108102.024,MQ96
327116.601,8107748.834,MQ96
327343.991,8108031.914,MQ96
328292.231,8108263.174,MQ96
327647.914,8108410.873,MQ96
327668.821,8108505.814,MQ96
327455.371,8108278.204,MQ96
327525.99,8108474.914,MQ96
327541.011,8108578.014,MQ96
326980.241,8108095.554,MQ96
327495.251,8108628.094,MQ96
327446.917,8108594.933,MQ96
326944.048,8108148.44,MQ96
327286.811,8108478.134,MQ96
327754.441,8107835.714,MQ96
327413.881,8108684.974,MQ96
327510.441,8108816.534,MQ96
327372.221,8108770.154,MQ96
327473.761,8108876.908,MQ96
326893.631,8108280.904,MQ96
327059.741,8108530.774,MQ96
326857.891,8108457.614,MQ96
326673.204,8108302.259,MQ96
326925.504,8108573.022,MQ96
327310.481,8109037.494,MQ96
326827.391,8108595.614,MQ96
326736.331,8108537.844,MQ96
326945.031,8108793.404,MQ96
327125.951,8109040.974,MQ96
326664.211,8108585.414,MQ96
326764.381,8108753.194,MQ96
326653.843,8108690.373,MQ96
327035.101,8109132.804,MQ96
326520.991,8108656.964,MQ96
327549.821,8107741.244,MQ96
326556.874,8108762.422,MQ96
326750.101,8108964.934,MQ96
326936.511,8109173.694,MQ96
326660.432,8108898.116,MQ96
327076.711,8109349.404,MQ96
326557.03,8108906.823,MQ96
326792.991,8109168.05,MQ96
326614.826,8109039.765,MQ96
327612.751,8107775.294,MQ96
328002.573,8108227.976,MQ96
327744.871,8107938.704,MQ96
327574.001,8107900.684,MQ96
327825.261,8108157.914,MQ96
327631.701,8108010.409,MQ96
327874.471,8108268.044,MQ96
327685.591,8108131.684,MQ96
327468.551,8107976.864,MQ96
327732.991,8108295.744,MQ96
327306.301,8107907.634,MQ96
327611.121,8108306.594,MQ96
327738.621,8108455.314,MQ96
327413.718,8107580.785,MQ96
327357.751,8108084.854,MQ96
327095.081,8107870.594,MQ96
327433.471,8108219.854,MQ96
327307.509,8108203.321,MQ96
327025.921,8107965.684,MQ96
327076.721,8108027.194,MQ96
327263.481,8108359.224,MQ96
327067.351,8108218.054,MQ96
327512.391,8108679.434,MQ96
327409.091,8107653.974,MQ96
326982.811,8108218.684,MQ96
327434.701,8108831.684,MQ96
327420.441,8108963.204,MQ96
327255.221,8108777.494,MQ96
326828.781,8108496.064,MQ96
327004.551,8108697.314,MQ96
327102.411,8108913.794,MQ96
327261.201,8109105.484,MQ96
326740.633,8108676.6,MQ96
327939.331,8108230.384,MQ96
327131.211,8109109.324,MQ96
326834.291,8108832.624,MQ96
326988.541,8109008.134,MQ96
327123.171,8109257.944,MQ96
326988.601,8109246.654,MQ96
326842.291,8109104.894,MQ96
326789.111,8109253.634,MQ96
326863.041,8109340.894,MQ96
326575.331,8109105.134,MQ96
326542.821,8109230.714,MQ96
328653.551,8109102.904,GEOT
327988.759,8109058.15,GEOT
326568.165,8110005.512,GEOT
328918.309,8108542.784,GEOT
327274.808,8107901.838,AAQ2008
327265.964,8107830.118,AAQ2008
327323.188,8107733.344,AAQ2008
327375.103,8107787.75,AAQ2008
327158.358,8107972.914,AAQ2008
327082.304,8108088.32,AAQ2008
327288.377,8107971.654,AAQ2008
327302.378,8108039.676,AAQ2008
327224.291,8108075.092,AAQ2008
327143.217,8108158.882,AAQ2008
327203.783,8108188.143,AAQ2008
327069.866,8108214.804,AAQ2008
327112.156,8108289.967,AAQ2008
327047.804,8109206.521,AAQ2008
327181.412,8109127.689,AAQ2008
327377.531,8109085.455,AAQ2008
327126.26,8108975.691,AAQ2008
327068.651,8109070.69,AAQ2008
327028.183,8108956.479,AAQ2008
326864.002,8108901.311,AAQ2008
326881.682,8109082.426,AAQ2008
326739.357,8109021.638,AAQ2008
327064.594,8108743.193,AAQ2008
327438.217,8108780.764,AAQ2008
326968.41,8108861.953,AAQ2008
326821.092,8108984.866,AAQ2008
327167.348,8108629.955,AAQ2008
327530.631,8108180.679,AAQ2008
327252.67,8108474.026,AAQ2008
327613.581,8108382.312,AAQ2008
327339.661,8107973.005,MQ93
327411.284,8107990.491,SP70
327409.14,8107991.524,SP70
327544.813,8107963.827,MQ93
327629.06,8107945.944,MP72
327708.126,8107978.337,MQ93
327762.939,8107996.942,SP70
327854.934,8107974.252,MQ93
327925.421,8107983.321,SP70
327934.569,8107992.368,MQ93
327988.067,8107947.682,MQ93
328219.581,8107966.461,MQ93
328295.294,8107957.93,MQ93
327048.113,8109485.048,MQ93
326936.09,8108880.083,INFILL
327035.957,8108966.407,INFILL
327053.648,8108988.49,INFILL
327157.691,8109080.779,INFILL
326637.831,8109473.374,MP72
326837.55,8109479.214,MQ93
327121.035,8108024.161,MQ93
327478.571,8108031.117,MP72
327589.534,8108003.967,MQ93
327994.549,8108031.507,SP70
328073.303,8108022.941,MQ93
328168.848,8108001.98,MQ93
328343.69,8108050.689,MP72
328340.107,8108047.175,MQ93
328459.939,8108051.995,MP72
326932.721,8109551.903,MQ93
327077.157,8108085.787,MQ93
327421.703,8108077.373,SP70
327515.564,8108116.495,MQ93
327546.184,8108075.143,SP70
327704.496,8107942.074,INFILL
327746.255,8108091.943,MQ93
327834.504,8108091.527,MP72
327828.796,8108091.531,MQ93
327915.795,8108071.048,MQ93
327914.94,8108069.75,MQ93
328001.195,8108094.664,SP70
327906.898,8108135.092,INFILL
328095.33,8108096.205,SP70
328094.818,8108095.234,MQ93
328178.062,8108073.583,SP70
327351.697,8108118.822,PITDEWATERING2022
327198.856,8109244.844,INFILL
327050.04,8108144.338,MP72
327141.832,8108158.315,MQ93
327190.839,8108126.498,SP70
327375.522,8108158.067,SP70
327462.078,8108161.489,MP72
327633.107,8108152.005,MQ93
327750.818,8108162.912,MP72
327925.062,8108160.932,MP72
328079.587,8108136.899,MQ93
328164.994,8108164.734,MP72
328244.147,8108143.697,MQ93
328396.21,8108165.798,MP72
326839.725,8108139.062,MP72
326616.074,8108777.862,INFILL
326714.786,8108860.479,INFILL
326831.32,8108986.09,INFILL
326947.878,8109085.367,INFILL
327019.555,8108190.128,MQ93
327131.694,8108212.653,SP70
327544.794,8107858.002,INFILL
327596.203,8108208.855,MQ93
327702.574,8108234.37,MQ93
327909.036,8108262.323,INFILL
327270.723,8107723.666,INFILL
327377.959,8108243.793,MP72
327459.175,8108283.013,SP70
327553.555,8108296.261,MP72
327551.018,8108295.542,MQ93
327580.768,8108007.34,INFILL
327825.708,8108270.413,SP70
327683.801,8108105.012,INFILL
328109.374,8108298.568,MP72
326896.275,8108281.687,MP72
327538.82,8108663.4,PITDEWATERING2022
327225.543,8108651.586,PITDEWATERING2022
327044.008,8108627.734,PITDEWATERING2022
326480.46,8109956.52,SAN MARTIN 2015
326240.46,8109755.52,SAN MARTIN 2015
326901.46,8110406.52,SAN MARTIN 2015
326894.46,8109978.52,SAN MARTIN 2015
327751.46,8109135.52,SAN MARTIN 2015
326692.46,8109775.52,SAN MARTIN 2015
327322.46,8109568.52,SAN MARTIN 2015
326464.46,8110410.52,SAN MARTIN 2015
326627.084,8108858.456,INFILL
326733.158,8108980.176,INFILL
327322.727,8108339.658,SP70
327658.702,8108310.229,SP70
326604.004,8108977.059,INFILL
326617.051,8108950.786,INFILL
326713.927,8109067.535,INFILL
326790.358,8109172.199,INFILL
326937.201,8109276.876,INFILL
327021.828,8108356.575,MP72
327436.614,8108367.049,SP70
327497.599,8108392.476,MP72
327560.96,8108398.378,MP72
327704.411,8108375.897,SP70
327800.624,8108399.396,MP72
327922.865,8108404.426,MP72
326723.686,8108378.354,MP72
327337.754,8108467.269,SP70
327439.175,8108452.668,MP72
327511.699,8108097.503,INFILL
327554.375,8108219.897,INFILL
327685.313,8108320.398,INFILL
326726.78,8109265.605,INFILL
327151.263,8107804.596,INFILL
327194.622,8107923.816,INFILL
327339.956,8108028.875,INFILL
326612.113,8109158.402,INFILL
327022.595,8108488.539,SP70
327150.431,8108509.364,SP70
327206.676,8108005.823,INFILL
327469.767,8108537.278,SP70
327611.982,8108522.355,MP72
327750.698,8108519.946,MP72
327493.347,8108346.164,INFILL
327856.118,8108515.178,MP72
326665.477,8108519.201,MP72
327041.992,8107900.496,INFILL
327330.821,8108548.714,SP70
326552.427,8109223.498,INFILL
326479.328,8108618.705,MP72
327556.113,8108636.676,MP72
327274.805,8108246.031,INFILL
327678.025,8108633.634,MP72
327803.921,8108636.633,MP72
326592.687,8108615.908,MP72